Item,Price,Weight,Bust,Height,Review,Color,Rating,Images
ttps,US$17.00,154.3,35.4,63.4,The color is amazing and the cut is good,M,5,"//sheinsz.ltwebstatic.com/she_dist/images/bg-grey-ba96515e9b.png , //sheinsz.ltwebstatic.com/she_dist/images/bg-grey-ba96515e9b.png"
ttps,US$17.00,,,,Beautiful! Fast shipping.,L,5,
ttps,US$17.00,114.6,36.2,55.1,"Very soft and shiny material, such a pretty colour, perfect size, great choice",M,5,//sheinsz.ltwebstatic.com/she_dist/images/bg-grey-ba96515e9b.png
ttps,US$17.00,110.2,31.5,64.6,"Amazing dress, color is so pretty and the shape is nice. Fabric is light and so comfy. I recommend it!",S,5,"//img.shein.com/images3/2021/04/06/161771284449308c9bcaf95f6d7744e6b7a92d5141_thumbnail_x460.webp , //img.shein.com/images3/2021/04/06/16177128516fb514e3154d7d2d80640edbe0c7c811_thumbnail_x460.webp , //img.shein.com/images3/2021/04/06/1617712859b0ff0bf6c84bfc9a07f5870443a461bb_thumbnail_x460.webp"
ttps,US$17.00,125.7,28.0,65.6,wawwwww wawwww wawwwww wawww super top quality in love with them ğŸ‰ğŸ‰ğŸ‰ğŸ‰ğŸ‰ğŸ‰ğŸ‰ğŸ‰ğŸ‰ğŸ‰ğŸ‰ğŸ‰ğŸ’›ğŸ’›ğŸ’›ğŸ’›ğŸ’›ğŸ’›ğŸ’›ğŸ’›â¤ï¸â¤ï¸â¤ï¸â¤ï¸ğŸ’›ğŸ’›ğŸ’›â¤ï¸â¤ï¸â¤ï¸â¤ï¸,M,5,
ttps,US$17.00,,,47.2,Cute. Very wrinkled so this dress will need to be steamed before wearing it,S,5,
ttps,US$17.00,,,,this dress is so pretty on!! perfect size,L,5,
ttps,US$17.00,,,,True to size,M,5,
ttps,US$17.00,154.3,28.0,65.4,ÙƒØªÙŠØ±Ø± Ø­Ù„ÙˆØ© Ø¹ Ø§Ù„Ù„Ø¨Ø³ Ø¨Ø³ Ø§Ù„Ù‚Ù…Ø§Ø´Ø© Ø³ØªØ§Ù† Ø¨Ø¯Ù‡Ø§ Ø§Ù†ØªØ¨Ø§Ù‡ ÙƒØªÙŠØ± Ø¨Ø§Ù„ÙƒÙˆÙŠ,M,5,
ttps,US$17.00,66.1,25.6,47.2,Amazing amazing dress. Worth your coins. Itâ€™s above knee length though in case you wanted something longer,S,5,
ttps,US$17.00,154.3,38.2,67.3,"A bit to short in the waist, but otherwise cute",L,5,
ttps,US$17.00,125.7,32.3,52.0,Great color love the fit,XS,5,
ttps,US$17.00,172.0,29.9,70.3,Runs small but I think itâ€™s the material no stretch whatsoever! But Iâ€™ll keep it,L,5,
ttps,US$17.00,68.3,26.0,47.4,Aaa love you very much and I love you very much and I love you very much and I love you,M,5,
ttps,US$17.00,130.1,36.2,50.0,"True to size and fits pretty well. Decent quality, im happy with it!",S,5,
